{"default":{"name":"default","fileid":1,"type":"text","date":"2020-08-26T06:48:00.242Z","comments":"{}"},"/sys/ls.super":{"name":"/sys/ls.super","fileid":2,"type":"text","date":"2020-08-26T06:48:16.080Z","comments":"{}"},"/sys/boot.super.backup":{"name":"/sys/boot.super.backup","fileid":3,"type":"text","date":"2020-08-26T06:48:16.088Z","comments":"{}"},"/sys/ls.super.backup":{"name":"/sys/ls.super.backup","fileid":4,"type":"text","date":"2020-08-26T06:48:16.099Z","comments":"{}"},"data.bin":{"name":"data.bin","fileid":5,"type":"blob","date":"2020-08-26T06:48:16.108Z","comments":"{}"},"/util/genetic.js":{"name":"/util/genetic.js","fileid":6,"type":"text","date":"2020-08-26T06:48:16.117Z","comments":"{}"},"a.out":{"name":"a.out","fileid":7,"type":"blob","date":"2020-08-26T06:48:16.125Z","comments":"{}"},"/util/replaceStringInBlob.super":{"name":"/util/replaceStringInBlob.super","fileid":8,"type":"text","date":"2020-08-26T06:48:16.133Z","comments":"{}"},"/test/replaceStringInBlob.js":{"name":"/test/replaceStringInBlob.js","fileid":9,"type":"text","date":"2020-08-26T06:48:16.141Z","comments":"{}"},"/apps/test.super":{"name":"/apps/test.super","fileid":10,"type":"text","date":"2020-08-26T06:48:16.149Z","comments":"{}"},"/apps/label.super":{"name":"/apps/label.super","fileid":11,"type":"text","date":"2020-08-26T06:48:16.161Z","comments":"{}"},"/apps/worker.super":{"name":"/apps/worker.super","fileid":12,"type":"text","date":"2020-08-26T06:48:16.172Z","comments":"{}"},"/apps/worker.super.backup":{"name":"/apps/worker.super.backup","fileid":13,"type":"text","date":"2020-08-26T06:48:16.179Z","comments":"{}"},"/test/worker.js":{"name":"/test/worker.js","fileid":14,"type":"text","date":"2020-08-26T06:48:16.187Z","comments":"{}"},"/sys/boot.super":{"name":"/sys/boot.super","fileid":15,"type":"text","date":"2020-08-26T06:48:16.194Z","comments":"{}"},"/sys/tools/colors.super":{"name":"/sys/tools/colors.super","fileid":17,"type":"text","date":"2020-08-26T06:48:16.210Z","comments":"{}"},"/sys/tools/colors.super.backup":{"name":"/sys/tools/colors.super.backup","fileid":18,"type":"text","date":"2020-08-26T06:48:16.219Z","comments":"{}"},"/sys/boot.json":{"name":"/sys/boot.json","fileid":19,"type":"text","date":"2020-08-26T06:48:16.225Z","comments":"{}"},"/sys/settings.super":{"name":"/sys/settings.super","fileid":20,"type":"text","date":"2020-08-26T06:48:16.232Z","comments":"{}"},"/ui/bool.super":{"name":"/ui/bool.super","fileid":21,"type":"text","date":"2020-08-26T06:48:16.240Z","comments":"{}"},"/sys/settings.super.backup":{"name":"/sys/settings.super.backup","fileid":22,"type":"text","date":"2020-08-26T06:48:16.247Z","comments":"{}"},"/apps/main.super":{"name":"/apps/main.super","fileid":27,"type":"text","date":"2020-08-26T06:51:41.968Z","comments":"{}"},"default2":{"name":"default2","fileid":29,"type":"text","date":"2020-08-26T15:26:52.602Z","comments":"{}"},"/ui/topBar.super":{"name":"/ui/topBar.super","fileid":30,"type":"text","date":"2020-08-26T15:44:51.238Z","comments":"{}"}}