{"default":{"name":"default","fileid":14,"type":"text","date":"2020-08-19T16:48:07.497Z","comments":"{}"},"/sys/ls.super":{"name":"/sys/ls.super","fileid":17,"type":"text","date":"2020-08-19T19:32:45.050Z","comments":"{}"},"/sys/boot.super":{"name":"/sys/boot.super","fileid":18,"type":"text","date":"2020-08-19T19:45:40.007Z","comments":"{}"},"/sys/boot.super.backup":{"name":"/sys/boot.super.backup","fileid":19,"type":"text","date":"2020-08-19T20:00:09.187Z","comments":"{}"},"/sys/ls.super.backup":{"name":"/sys/ls.super.backup","fileid":20,"type":"text","date":"2020-08-19T20:00:23.146Z","comments":"{}"},"data.bin":{"name":"data.bin","fileid":23,"type":"blob","date":"2020-08-19T21:26:26.026Z","comments":"{}"},"/util/genetic.js":{"name":"/util/genetic.js","fileid":27,"type":"text","date":"2020-08-19T21:55:16.023Z","comments":"{}"}}