{"default":{"name":"default","fileid":1,"type":"text","date":"2020-08-26T06:22:53.800Z","comments":"{}"},"/sys/ls.super":{"name":"/sys/ls.super","fileid":2,"type":"text","date":"2020-08-26T06:23:28.263Z","comments":"{}"},"/sys/boot.super.backup":{"name":"/sys/boot.super.backup","fileid":3,"type":"text","date":"2020-08-26T06:23:28.272Z","comments":"{}"},"/sys/ls.super.backup":{"name":"/sys/ls.super.backup","fileid":4,"type":"text","date":"2020-08-26T06:23:28.281Z","comments":"{}"},"data.bin":{"name":"data.bin","fileid":5,"type":"blob","date":"2020-08-26T06:23:28.288Z","comments":"{}"},"/util/genetic.js":{"name":"/util/genetic.js","fileid":6,"type":"text","date":"2020-08-26T06:23:28.297Z","comments":"{}"},"a.out":{"name":"a.out","fileid":7,"type":"blob","date":"2020-08-26T06:23:28.305Z","comments":"{}"},"/util/replaceStringInBlob.super":{"name":"/util/replaceStringInBlob.super","fileid":8,"type":"text","date":"2020-08-26T06:23:28.313Z","comments":"{}"},"/test/replaceStringInBlob.js":{"name":"/test/replaceStringInBlob.js","fileid":9,"type":"text","date":"2020-08-26T06:23:28.321Z","comments":"{}"},"/apps/test.super":{"name":"/apps/test.super","fileid":10,"type":"text","date":"2020-08-26T06:23:28.329Z","comments":"{}"},"/apps/label.super":{"name":"/apps/label.super","fileid":11,"type":"text","date":"2020-08-26T06:23:28.337Z","comments":"{}"},"/apps/worker.super":{"name":"/apps/worker.super","fileid":12,"type":"text","date":"2020-08-26T06:23:28.345Z","comments":"{}"},"/apps/worker.super.backup":{"name":"/apps/worker.super.backup","fileid":13,"type":"text","date":"2020-08-26T06:23:28.353Z","comments":"{}"},"/test/worker.js":{"name":"/test/worker.js","fileid":14,"type":"text","date":"2020-08-26T06:23:28.366Z","comments":"{}"},"/sys/boot.super":{"name":"/sys/boot.super","fileid":15,"type":"text","date":"2020-08-26T06:23:28.378Z","comments":"{}"},"default0":{"name":"default0","fileid":16,"type":"text","date":"2020-08-26T06:23:28.386Z","comments":"{}"},"/sys/tools/colors.super":{"name":"/sys/tools/colors.super","fileid":17,"type":"text","date":"2020-08-26T06:23:28.397Z","comments":"{}"},"/sys/tools/colors.super.backup":{"name":"/sys/tools/colors.super.backup","fileid":18,"type":"text","date":"2020-08-26T06:23:28.404Z","comments":"{}"},"/sys/boot.json":{"name":"/sys/boot.json","fileid":19,"type":"text","date":"2020-08-26T06:23:28.413Z","comments":"{}"},"/sys/settings.super":{"name":"/sys/settings.super","fileid":20,"type":"text","date":"2020-08-26T06:23:28.422Z","comments":"{}"},"/ui/bool.super":{"name":"/ui/bool.super","fileid":21,"type":"text","date":"2020-08-26T06:23:28.428Z","comments":"{}"},"/sys/settings.super.backup":{"name":"/sys/settings.super.backup","fileid":22,"type":"text","date":"2020-08-26T06:23:28.435Z","comments":"{}"},"default1":{"name":"default1","fileid":23,"type":"text","date":"2020-08-26T06:23:28.443Z","comments":"{}"},"default2":{"name":"default2","fileid":24,"type":"text","date":"2020-08-26T06:23:28.455Z","comments":"{}"},"default9/teste.txt":{"name":"default9/teste.txt","fileid":25,"type":"text","date":"2020-08-26T06:23:28.472Z","comments":"{}"}}