{"default":{"name":"default","fileid":14,"type":"text","date":"2020-08-19T16:48:07.497Z","comments":"{}"},"/sys/ls.super":{"name":"/sys/ls.super","fileid":17,"type":"text","date":"2020-08-19T19:32:45.050Z","comments":"{}"},"/sys/boot.super.backup":{"name":"/sys/boot.super.backup","fileid":19,"type":"text","date":"2020-08-19T20:00:09.187Z","comments":"{}"},"/sys/ls.super.backup":{"name":"/sys/ls.super.backup","fileid":20,"type":"text","date":"2020-08-19T20:00:23.146Z","comments":"{}"},"data.bin":{"name":"data.bin","fileid":23,"type":"blob","date":"2020-08-19T21:26:26.026Z","comments":"{}"},"/util/genetic.js":{"name":"/util/genetic.js","fileid":27,"type":"text","date":"2020-08-19T21:55:16.023Z","comments":"{}"},"a.out":{"name":"a.out","fileid":30,"type":"blob","date":"2020-08-19T22:35:30.044Z","comments":"{}"},"/util/replaceStringInBlob.super":{"name":"/util/replaceStringInBlob.super","fileid":34,"type":"text","date":"2020-08-20T00:33:10.227Z","comments":"{}"},"/test/replaceStringInBlob.js":{"name":"/test/replaceStringInBlob.js","fileid":38,"type":"text","date":"2020-08-20T01:24:51.944Z","comments":"{}"},"/apps/test.super":{"name":"/apps/test.super","fileid":40,"type":"text","date":"2020-08-20T14:47:55.678Z","comments":"{}"},"/apps/label.super":{"name":"/apps/label.super","fileid":41,"type":"text","date":"2020-08-20T14:56:28.431Z","comments":"{}"},"/apps/worker.super":{"name":"/apps/worker.super","fileid":42,"type":"text","date":"2020-08-20T15:03:43.080Z","comments":"{}"},"/apps/worker.super.backup":{"name":"/apps/worker.super.backup","fileid":43,"type":"text","date":"2020-08-20T15:56:01.249Z","comments":"{}"},"/test/worker.js":{"name":"/test/worker.js","fileid":44,"type":"text","date":"2020-08-20T22:24:36.643Z","comments":"{}"},"/sys/boot.super":{"name":"/sys/boot.super","fileid":46,"type":"text","date":"2020-08-21T14:47:30.989Z","comments":"{}"},"default0":{"name":"default0","fileid":57,"type":"text","date":"2020-08-22T20:04:02.673Z","comments":"{}"},"/sys/tools/colors.super":{"name":"/sys/tools/colors.super","fileid":59,"type":"text","date":"2020-08-23T19:14:20.209Z","comments":"{}"},"/sys/tools/colors.super.backup":{"name":"/sys/tools/colors.super.backup","fileid":60,"type":"text","date":"2020-08-23T19:32:32.943Z","comments":"{}"},"/sys/boot.json":{"name":"/sys/boot.json","fileid":61,"type":"text","date":"2020-08-24T19:59:57.909Z","comments":"{}"},"/sys/settings.super":{"name":"/sys/settings.super","fileid":62,"type":"text","date":"2020-08-24T20:43:46.394Z","comments":"{}"},"/ui/bool.super":{"name":"/ui/bool.super","fileid":63,"type":"text","date":"2020-08-24T21:01:02.280Z","comments":"{}"},"/sys/settings.super.backup":{"name":"/sys/settings.super.backup","fileid":64,"type":"text","date":"2020-08-24T21:49:44.629Z","comments":"{}"},"default1":{"name":"default1","fileid":66,"type":"text","date":"2020-08-24T22:38:59.686Z","comments":"{}"},"default2":{"name":"default2","fileid":67,"type":"text","date":"2020-08-24T22:39:45.421Z","comments":"{}"},"default9/teste.txt":{"name":"default9/teste.txt","fileid":68,"type":"text","date":"2020-08-25T12:55:10.631Z","comments":"{}"},"/ui/topBar.super":{"name":"/ui/topBar.super","fileid":71,"type":"text","date":"2020-08-25T19:41:28.573Z","comments":"{}"}}