{"default":{"name":"default","fileid":14,"type":"text","date":"2020-08-19T16:48:07.497Z","comments":"{}"},"/sys/ls.super":{"name":"/sys/ls.super","fileid":17,"type":"text","date":"2020-08-19T19:32:45.050Z","comments":"{}"},"/sys/boot.super":{"name":"/sys/boot.super","fileid":18,"type":"text","date":"2020-08-19T19:45:40.007Z","comments":"{}"},"/sys/boot.super.backup":{"name":"/sys/boot.super.backup","fileid":19,"type":"text","date":"2020-08-19T20:00:09.187Z","comments":"{}"},"/sys/ls.super.backup":{"name":"/sys/ls.super.backup","fileid":20,"type":"text","date":"2020-08-19T20:00:23.146Z","comments":"{}"},"data.bin":{"name":"data.bin","fileid":23,"type":"blob","date":"2020-08-19T21:26:26.026Z","comments":"{}"},"/util/genetic.js":{"name":"/util/genetic.js","fileid":27,"type":"text","date":"2020-08-19T21:55:16.023Z","comments":"{}"},"genetic2.js":{"name":"genetic2.js","fileid":28,"type":"text","date":"2020-08-19T22:19:49.291Z","comments":"{}"},"a.out":{"name":"a.out","fileid":30,"type":"blob","date":"2020-08-19T22:35:30.044Z","comments":"{}"},"/util/replaceStringInBlob.super":{"name":"/util/replaceStringInBlob.super","fileid":34,"type":"text","date":"2020-08-20T00:33:10.227Z","comments":"{}"},"/test/replaceStringInBlob.js":{"name":"/test/replaceStringInBlob.js","fileid":38,"type":"text","date":"2020-08-20T01:24:51.944Z","comments":"{}"},"b.super":{"name":"b.super","fileid":39,"type":"text","date":"2020-08-20T14:45:47.461Z","comments":"{}"},"/apps/test.super":{"name":"/apps/test.super","fileid":40,"type":"text","date":"2020-08-20T14:47:55.678Z","comments":"{}"},"/apps/label.super":{"name":"/apps/label.super","fileid":41,"type":"text","date":"2020-08-20T14:56:28.431Z","comments":"{}"},"/apps/worker.super":{"name":"/apps/worker.super","fileid":42,"type":"text","date":"2020-08-20T15:03:43.080Z","comments":"{}"},"/apps/worker.super.backup":{"name":"/apps/worker.super.backup","fileid":43,"type":"text","date":"2020-08-20T15:56:01.249Z","comments":"{}"},"/test/worker.js":{"name":"/test/worker.js","fileid":44,"type":"text","date":"2020-08-20T22:24:36.643Z","comments":"{}"}}